{
  "minecraft:story/obtain_armor": {
    "criteria": {
      "iron_chestplate": "2024-12-03 21:06:24 +0700"
    },
    "done": true
  },
  "minecraft:recipes/combat/arrow": {
    "criteria": {
      "has_feather": "2024-12-03 21:05:07 +0700"
    },
    "done": true
  },
  "minecraft:recipes/decorations/crafting_table": {
    "criteria": {
      "unlock_right_away": "2024-12-03 21:05:07 +0700"
    },
    "done": true
  },
  "minecraft:recipes/misc/iron_nugget_from_smelting": {
    "criteria": {
      "has_iron_chestplate": "2024-12-03 21:06:24 +0700"
    },
    "done": true
  },
  "minecraft:story/shiny_gear": {
    "criteria": {
      "diamond_helmet": "2024-12-03 21:05:18 +0700"
    },
    "done": true
  },
  "minecraft:recipes/misc/iron_nugget_from_blasting": {
    "criteria": {
      "has_iron_chestplate": "2024-12-03 21:06:24 +0700"
    },
    "done": true
  },
  "DataVersion": 3700
}