Name, ID, Game Mode, Latency, Scoreboard Team, Model Type, Session ID, Public Key
Annihilation123, cbf05e10-9dd2-4142-87d1-d10703101b34, ADVENTURE, 49, IAnnihilation123, SLIM
911drugged, cad5ef92-bae8-45f4-be24-999a74db30f4, ADVENTURE, 39, I911drugged, SLIM
BlueBVN1716, 03157b4e-cf87-46e4-ad69-c273fd8fd43e, ADVENTURE, 245, IBlueBVN1716, SLIM
c40d00b8-9791-4151-8292-0712d45f05e6, class_7443[expiresAt=2024-12-05T08:47:20.422Z, key=Sun RSA public key, 2048 bits
  params: null
  modulus: 25165643359825218433303568938943360929282217378167743192957423083658331503454828646342701573630800433942241587513851453388739505238327458548212577984769818018875511227756348576911003007361431060053232790052623482254936642011804980277046264060909127906493950054432605313275785597982040060881914163417092962930674546448358131623032418986278297464884024061750271035668904819597918867127022607164110198953709722962094367444585955719014190148644285342452246896348057058113539332448504285824735351082430007041895508360377767620385889470941351345781792277227880375312948733702824566665942122386649706632294000845185791140257
  public exponent: 65537, keySignature=[B@dc1eb35], OreosAndKitkats, c96bbe27-c314-4294-96cb-b6967064dee0, ADVENTURE, 125, IOreosAndKitkats, SLIM
3d6df1a4-2c05-4482-b511-e8f11c1f96c7, class_7443[expiresAt=2024-12-04T07:18:26.096Z, key=Sun RSA public key, 2048 bits
  params: null
  modulus: 19510537433619751172416484304783495972614923519381420461348863519033293670393508728755972403611759093335172325366462137189960872665574095403049840142978826709669915925576759969053008951059292997752484584162627839345130477606990610008795038798781192738635787520825333942747958631348808125669835329740839375136503819519064055356561324995243024947259825705993963584759653358171410538902106847122787760026156173650377600677562826670624891964305954244060915526174530144302950775287842617613270887877859170435524374344532860270100717381454159222583619170791064963063382380497127723858072317217234508732337508749374852536487
  public exponent: 65537, keySignature=[B@5623caf2], wxxe, 002d6dd6-b4ff-4108-8dc3-3ac80a1bb5c6, ADVENTURE, 87, Fwxxe, SLIM
39a6d174-ef33-472e-974c-86471dc4c7a9, class_7443[expiresAt=2024-12-05T10:16:48.070Z, key=Sun RSA public key, 2048 bits
  params: null
  modulus: 24258651875962458129189305952024482336658193863308903922103317342030638952244095938361519030039187345602694471348262374721034311634254186788677134359308484974951720940187030021523606816189330996310147389411567247633487816970370492832371580639954235810095614813304682044795962581782647569067715392860733650358878254761894951393726703913044223581047354345450460371367485579276695386899139233615684750439276297882142706648053321788011126581687798041121511896131225370116648113977403266076241252668786254253548599878854122974097058859491901544317412830195608164864706053763615971575029468778208256814789704321430004413579
  public exponent: 65537, keySignature=[B@50a13e57], _KosaWzebro, 780ec34c-4820-46a1-a185-642891a3dd17, ADVENTURE, 22, I_KosaWzebro, WIDE
502afef1-5461-4b37-b6ef-f3c0a98cf4ea, class_7443[expiresAt=2024-12-04T15:39:28.698Z, key=Sun RSA public key, 2048 bits
  params: null
  modulus: 27499956779285795109638233534731301405373206760078761461784642101860801741133226231665735788447192610896395050975023709106943843011925089510312769486824714107483466971273494034032112585083895871709220064043556485338210092714484372501892208923170263923416810505954908736989664363401593879568314547044501202959861739462055156753577377747554848647526049653613499495332814380336040252824720898198196603980714878886721416291156331172110190721858569689826741722464965305576444222460622694943109186556223438785184416750823156901419013612732798199791739362284766914418620791501488638397309053052872870912503083452097912827979
  public exponent: 65537, keySignature=[B@31164ed6], _Marek, 0649834d-ac9d-4b6e-9fe9-7a5fa0a701f8, ADVENTURE, 41, I_Marek, SLIM
PSYCHOPATH_GAMER, ef0b86d2-63aa-4f1c-8792-609067e9e79a, ADVENTURE, 268, IPSYCHOPAtH_GAME, WIDE
9b5a3a0c-d02c-457d-9f83-a0bd0e554632, class_7443[expiresAt=2024-12-05T10:58:08.508Z, key=Sun RSA public key, 2048 bits
  params: null
  modulus: 22266679552968887814808370236307239058710938027764495902816271495260070101188369192085324080496989774535585658715027118378480265037883138009510173701750802470326007301168636581057225419040817490994185715262462762000285794626569909231570830943631084423193997020802887190324103519308219851112937626627459430056006829746320077242247873852490040508422408032851606883522712512146403838857548288184014782732532738187409931654021292599053593382905271268585195138491682039885533141360395912488991163695843318928129271456172368607711598327056077202180033889467226849676513096297541613534987752790200952462351067753958775861787
  public exponent: 65537, keySignature=[B@330c8382], teknobIade, 3a460900-f1f7-4d70-8e0e-0ba6b3936d5b, ADVENTURE, 110, IteknobIade, WIDE
f9c6ca3a-b7de-4491-9855-3465cbdf8781, class_7443[expiresAt=2024-12-04T06:34:02.815Z, key=Sun RSA public key, 2048 bits
  params: null
  modulus: 22214061635256075255241046774424399398638102179677383366876487185274294493872783361892462175892486706027022604672908576205406260985333831013639286887814745353928788934572999664192730182619640471938297250781248698311934097847229090143927834407679035871336049684759526721531910885876809997353067729251470690574977949846313257520669868326485709736262636418474753744910902752114834588770116356843675280298170523835820771374011516076308561083814102707408901500230870124468609420858311000226285729010159011264298531967132700320436551228416393943774772651295568875617200598687532805617051621767575502147073830782476342652721
  public exponent: 65537, keySignature=[B@7b30ab4b], PlaYeric1, 1603a3b6-779e-44a2-88ad-a039f09753ad, ADVENTURE, 22, IPlaYeric1, SLIM
d8400aa6-748a-4fb2-affb-2e817de5469f, class_7443[expiresAt=2024-12-05T11:19:18.339Z, key=Sun RSA public key, 2048 bits
  params: null
  modulus: 26269478772850989745822575720715270198889431577179872807964551774778137229462158916343934527869160984404256931980484702137015087600792261231281787704857484553963791821883299284204187826862063399025542048974873200961986980914582918707886101778572496334132836829888296847940040583063897482599775360432731835814647156818873210091010145152421633394386326383539000167142779812253903575199331395453340780141093697802291518646307074355832320111711050603229429536704782451674393465343360189602906793638393409793849568431527375080030963119446034952431357359780066655190464239427833279878654598420139861259641800001663327546311
  public exponent: 65537, keySignature=[B@22ba71fc], ArtCombo, aecfaf23-7df5-41ab-ab66-4a8706650f9e, ADVENTURE, 22, IArtCombo, WIDE
fb15307a-1b69-4ba6-8099-6ce117afd0db, class_7443[expiresAt=2024-12-05T13:58:07.493Z, key=Sun RSA public key, 2048 bits
  params: null
  modulus: 24955526956753878327429859222561183228168917422464117026155588284327689278487587146477445068529648907018627716995267846241092707729481791877850399573146878141676186356544178111459368428625049960336616841359557104389851607747749944594780126251085867608024939378025732534674269865482212313123646811111780095357701589975001862941820353846024580947945139467829342376898450749993158049097926740086676593875999284863558856603847105206598486267676823334024333421075248585286520364579594263857717479986903669862216844076280919457923101826562534282839207152780941264056757238093247416110010887162912507404217731951490281851551
  public exponent: 65537, keySignature=[B@21d9fb83], Santian, c29772b1-93a5-4f7b-9da1-4272772bd62d, ADVENTURE, 37, ISantian, SLIM
1548dfd3-92e1-4fcb-b52b-8c9c7cf4f747, class_7443[expiresAt=2024-12-05T11:56:56.851Z, key=Sun RSA public key, 2048 bits
  params: null
  modulus: 24878049232941283192170430414589307304395802257590967760739847955365047678426534902195608911872702917717879408962622259214359423613296225852562053710384545128130621367330576720161455223035562263466662269491987403063238136861526072386642430290503993578625282256896713717586023931237102600936634576548700937461642496727102888254651308148012262687032666381893171955817892480204729569256209039920459442614480620488811164064325630472453900255990061430031069032969522078117306053239005399458338605118348755206225137075494596432314651908214675409809759329549868938242224228175062144303199016255459186126883605393601303698463
  public exponent: 65537, keySignature=[B@769e6ca9], Quackifyied, 12d4d689-7a5b-48e8-a757-42f8f6668ac9, ADVENTURE, 44, IQuackifyied, WIDE
AvoidMyJumpz, 07c9414a-ccc2-4916-9fa9-d6181c37b060, ADVENTURE, 49, IAvoidMyJumpz, SLIM
ayyzz, ac9bbc8d-f831-4149-8d13-062d86e6bf43, ADVENTURE, 26, Iayyzz, WIDE
00szeff_, 4871969a-7756-40c0-ae2e-42e76df359b1, ADVENTURE, 60, F00szeff_, WIDE
7e09a34f-7fa4-4c6a-8374-c8c340ae4e2d, class_7443[expiresAt=2024-12-04T15:01:52.971Z, key=Sun RSA public key, 2048 bits
  params: null
  modulus: 26588943502230640331264860847425451373705078997838318939822367212903675747226538515211373619078219942114337524434370786135428514826917261552295456399106535263554709394289629645782202621831098609111406893664767102570263673375184989246508791935295705953550647355542104763852608476073643805522435137604012605368539628822699953752646512482388307522718004406459496150303547488965360824021021537924603340487652055617702491302977450130242658597308884477133805591673404973554165696850764849551699299092373304124459818616681454982860691848194768576933395469781557590257802555846416037858398172376291842369822392540588046818053
  public exponent: 65537, keySignature=[B@80aebc2], Kutikosss, 536dcad6-bb76-4fd8-9516-c7aa4a258b3b, ADVENTURE, 74, IKutikosss, WIDE
Grieft, 4c3958f9-cb2b-43df-ac2b-73dc9de4f15c, ADVENTURE, 67, IGrieft, SLIM
